{
    "timestamp": "2026-04-12T17:57:48.821703",
    "split_metrics": {
        "train": {
            "accuracy": 0.7905323039414872,
            "precision": 0.5757906215921483,
            "recall": 0.8067226890756303,
            "f1": 0.6719694559338212,
            "roc_auc": 0.8791344683710487,
            "confusion_matrix": {
                "tn": 2835,
                "fp": 778,
                "fn": 253,
                "tp": 1056
            }
        },
        "validation": {
            "accuracy": 0.7962085308056872,
            "precision": 0.5910364145658263,
            "recall": 0.7535714285714286,
            "f1": 0.6624803767660911,
            "roc_auc": 0.8731820276497696,
            "confusion_matrix": {
                "tn": 629,
                "fp": 146,
                "fn": 69,
                "tp": 211
            }
        },
        "test": {
            "accuracy": 0.7582938388625592,
            "precision": 0.5301204819277109,
            "recall": 0.7857142857142857,
            "f1": 0.6330935251798561,
            "roc_auc": 0.8397857142857142,
            "confusion_matrix": {
                "tn": 580,
                "fp": 195,
                "fn": 60,
                "tp": 220
            }
        }
    },
    "model_config": {
        "best_threshold": 0.4356008714005298,
        "default_threshold": 0.5,
        "metric_optimized": "f1",
        "test_roc_auc": 0.8397857142857142,
        "n_estimators": 650,
        "random_seed": 42
    }
}